uml_id,trase_nameplate_capacity_t_ffb_hr
PO1000004269,60.0
PO1000008154,45.0
PO1000008417,60.0
PO1000004351,30.0
PO1000007616,60.0
PO1000000284,60.0
PO1000004554,30.0
PO1000004072,45.0
PO1000006188,45.0
PO1000010073,60.0
PO1000007533,45.0
PO1000004475,30.0
PO1000004392,45.0
PO1000008386,45.0
PO1000008158,30.0
PO1000001637,60.0
PO1000004218,45.0
PO1000004217,30.0
PO1000004842,30.0
PO1000007627,90.0
PO1000004942,80.0
PO1000004215,60.0
PO1000004419,60.0
PO1000004476,80.0
PO1000004344,45.0
PO1000004116,60.0
PO1000004078,45.0
PO1000004403,45.0
PO1000006222,60.0
PO1000004110,45.0
PO1000004576,30.0
PO1000008388,45.0
PO1000004575,45.0
PO1000007457,45.0
PO1000004513,30.0
PO1000002631,45.0
PO1000007549,45.0
PO1000004214,60.0
PO1000008170,60.0
PO1000004192,30.0
PO1000004931,45.0
PO1000008591,20.0
PO1000009022,45.0
PO1000004500,60.0
PO1000007468,45.0
PO1000004315,45.0
PO1000006173,45.0
PO1000004265,60.0
PO1000004266,30.0
PO1000002607,45.0
PO1000004228,45.0
PO1000004179,60.0
PO1000004176,60.0
PO1000004165,60.0
PO1000004156,60.0
PO1000004093,45.0
PO1000004932,50.0
PO1000004096,60.0
PO1000004509,45.0
PO1000004505,60.0
PO1000004481,50.0
PO1000006198,45.0
PO1000008218,45.0
PO1000004113,60.0
PO1000004372,70.0
PO1000004935,60.0
PO1000007596,45.0
PO1000004408,45.0
PO1000004422,60.0
PO1000004843,30.0
PO1000004167,45.0
PO1000004571,50.0
PO1000000531,60.0
PO1000006366,90.0
PO1000001992,60.0
PO1000000530,60.0
PO1000004946,90.0
PO1000004572,45.0
PO1000004101,30.0
PO1000000884,60.0
PO1000004365,60.0
PO1000000184,45.0
PO1000004522,
PO1000008211,45.0
PO1000001638,80.0
PO1000004274,30.0
PO1000005204,30.0
PO1000004318,75.0
PO1000001315,60.0
PO1000005206,30.0
PO1000007652,45.0
PO1000000092,45.0
PO1000004366,60.0
PO1000004303,30.0
PO1000004482,45.0
PO1000007467,30.0
PO1000006150,60.0
PO1000007481,45.0
PO1000004486,12.5
PO1000007628,60.0
PO1000004352,45.0
PO1000004945,30.0
PO1000004582,25.0
PO1000004925,30.0
PO1000008147,60.0
PO1000004579,30.0
PO1000004127,60.0
PO1000008217,45.0
PO1000010259,40.0
PO1000004499,30.0
PO1000007486,45.0
PO1000004204,30.0
PO1000004490,45.0
PO1000004455,45.0
PO1000004154,45.0
PO1000004457,20.0
PO1000008176,35.0
PO1000004470,75.0
PO1000007637,45.0
PO1000001761,60.0
PO1000004866,60.0
PO1000004191,90.0
PO1000008180,45.0
PO1000001683,90.0
PO1000004930,90.0
PO1000001684,90.0
PO1000004410,90.0
PO1000008216,60.0
PO1000007623,30.0
PO1000008200,60.0
PO1000004210,45.0
PO1000007537,15.0
PO1000004531,30.0
PO1000000058,120.0
PO1000009068,60.0
PO1000002360,30.0
PO1000001208,60.0
PO1000003254,120.0
PO1000001207,60.0
PO1000004853,30.0
PO1000007629,30.0
PO1000004358,60.0
PO1000004934,30.0
PO1000007462,45.0
PO1000004160,60.0
PO1000004307,30.0
PO1000004313,30.0
PO1000004546,
PO1000009358,45.0
PO1000008184,60.0
PO1000004153,45.0
PO1000003120,60.0
PO1000003257,60.0
PO1000004270,30.0
PO1000004374,30.0
PO1000004367,30.0
PO1000004362,30.0
PO1000006208,60.0
PO1000004353,30.0
PO1000006249,30.0
PO1000007511,60.0
PO1000007496,60.0
PO1000004488,40.0
PO1000004085,45.0
PO1000004081,60.0
PO1000002037,60.0
PO1000000354,80.0
PO1000002088,60.0
PO1000000939,60.0
PO1000000950,60.0
PO1000008273,30.0
PO1000004198,45.0
PO1000004162,60.0
PO1000008151,30.0
PO1000004434,45.0
PO1000004495,45.0
PO1000004511,45.0
PO1000004242,30.0
PO1000004321,40.0
PO1000007648,80.0
PO1000004070,70.0
PO1000004234,60.0
PO1000006230,45.0
PO1000004865,60.0
PO1000004102,45.0
PO1000006156,60.0
PO1000004285,20.0
PO1000009019,30.0
PO1000005145,45.0
PO1000008398,30.0
PO1000004245,30.0
PO1000004103,40.0
PO1000008264,45.0
PO1000008153,20.0
PO1000004565,30.0
PO1000008348,60.0
PO1000001960,45.0
PO1000004190,60.0
PO1000008601,45.0
PO1000008138,30.0
PO1000004869,45.0
PO1000004504,45.0
PO1000004064,60.0
PO1000001740,90.0
PO1000002103,60.0
PO1000004525,60.0
PO1000008197,30.0
PO1000007508,30.0
PO1000004458,80.0
PO1000001343,60.0
PO1000001152,30.0
PO1000001151,60.0
PO1000001383,60.0
PO1000004177,20.0
PO1000006977,60.0
PO1000002320,45.0
PO1000001631,60.0
PO1000004132,15.0
PO1000007602,40.0
PO1000002198,80.0
PO1000001154,80.0
PO1000001155,80.0
PO1000001156,80.0
PO1000004656,80.0
PO1000002863,60.0
PO1000001345,60.0
PO1000008429,60.0
PO1000001344,30.0
PO1000004655,80.0
PO1000001722,30.0
PO1000001064,30.0
PO1000001065,60.0
PO1000003782,80.0
PO1000001920,80.0
PO1000010249,15.0
PO1000001765,60.0
PO1000001150,60.0
PO1000007626,80.0
PO1000007509,45.0
PO1000003333,90.0
PO1000002677,90.0
PO1000003927,90.0
PO1000008343,90.0
PO1000004456,45.0
PO1000004291,
PO1000004309,30.0
PO1000008277,30.0
PO1000004094,60.0
PO1000007541,45.0
PO1000006328,60.0
PO1000008224,45.0
PO1000007547,100.0
PO1000004427,45.0
PO1000006293,60.0
PO1000008131,45.0
PO1000009580,40.0
PO1000004320,
PO1000006210,30.0
PO1000006348,90.0
PO1000004555,60.0
PO1000004203,45.0
PO1000004260,45.0
PO1000006236,45.0
PO1000004496,40.0
PO1000004241,30.0
PO1000004443,60.0
PO1000004533,120.0
PO1000004169,60.0
PO1000004530,20.0
PO1000004100,80.0
PO1000004464,60.0
PO1000004864,60.0
PO1000004451,50.0
PO1000004447,40.0
PO1000004426,60.0
PO1000004337,30.0
PO1000004375,100.0
PO1000004378,60.0
PO1000008137,45.0
PO1000008178,30.0
PO1000008171,30.0
PO1000004200,60.0
PO1000007613,80.0
PO1000002651,30.0
PO1000002653,75.0
PO1000004376,30.0
PO1000006346,60.0
PO1000002159,60.0
PO1000000567,60.0
PO1000002158,45.0
PO1000006258,45.0
PO1000002227,45.0
PO1000007548,45.0
PO1000006145,60.0
PO1000007492,20.0
PO1000004348,15.0
PO1000000279,80.0
PO1000000345,60.0
PO1000002143,45.0
PO1000002063,45.0
PO1000002491,60.0
PO1000000148,60.0
PO1000008400,45.0
PO1000004157,30.0
PO1000000021,60.0
PO1000000382,30.0
PO1000002142,45.0
PO1000002913,60.0
PO1000002145,60.0
PO1000002146,30.0
PO1000002147,45.0
PO1000003004,45.0
PO1000002608,30.0
PO1000002609,30.0
PO1000002144,20.0
PO1000004867,45.0
PO1000006246,45.0
PO1000008156,45.0
PO1000007524,30.0
PO1000004563,20.0
PO1000007653,30.0
PO1000004557,30.0
PO1000004553,
PO1000008233,60.0
PO1000004395,30.0
PO1000006176,30.0
PO1000008145,60.0
PO1000007463,30.0
PO1000008615,30.0
PO1000007618,45.0
PO1000003258,60.0
PO1000004163,90.0
PO1000004300,30.0
PO1000004583,30.0
PO1000006182,30.0
PO1000007553,60.0
PO1000004075,45.0
PO1000007546,45.0
PO1000008616,60.0
PO1000004139,100.0
PO1000004329,30.0
PO1000008435,45.0
PO1000008274,45.0
PO1000006309,45.0
PO1000008345,45.0
PO1000006186,30.0
PO1000004194,60.0
PO1000004858,45.0
PO1000004516,60.0
PO1000007528,45.0
PO1000007569,60.0
PO1000004442,45.0
PO1000008279,30.0
PO1000004487,60.0
PO1000007566,45.0
PO1000004295,30.0
PO1000008165,45.0
PO1000008231,30.0
PO1000004055,30.0
PO1000005100,60.0
PO1000002895,100.0
PO1000001417,90.0
PO1000001418,70.0
PO1000000638,30.0
PO1000000411,60.0
PO1000005793,60.0
PO1000007603,60.0
PO1000004492,30.0
PO1000005803,70.0
PO1000004471,30.0
PO1000004489,30.0
PO1000004491,30.0
PO1000004205,30.0
PO1000004149,30.0
PO1000004544,90.0
PO1000004306,45.0
PO1000004106,45.0
PO1000008194,30.0
PO1000007561,45.0
PO1000004316,45.0
PO1000004090,45.0
PO1000007567,30.0
PO1000006202,20.0
PO1000008285,30.0
PO1000004109,70.0
PO1000004361,45.0
PO1000004239,30.0
PO1000004450,45.0
PO1000008152,60.0
PO1000007534,60.0
PO1000007642,60.0
PO1000010020,45.0
PO1000004868,30.0
PO1000004310,45.0
PO1000004412,60.0
PO1000004922,30.0
PO1000004421,45.0
PO1000004441,45.0
PO1000004259,45.0
PO1000004126,60.0
PO1000004461,45.0
PO1000004056,35.0
PO1000006244,30.0
PO1000006225,60.0
PO1000007474,60.0
PO1000005155,90.0
PO1000004510,45.0
PO1000007634,60.0
PO1000004466,45.0
PO1000004439,45.0
PO1000004541,30.0
PO1000004345,45.0
PO1000004924,15.0
PO1000004246,45.0
PO1000004937,30.0
PO1000005210,30.0
PO1000007449,45.0
PO1000006310,60.0
PO1000004297,30.0
PO1000007550,70.0
PO1000004161,30.0
PO1000004852,45.0
PO1000004535,30.0
PO1000004323,45.0
PO1000004389,30.0
PO1000004288,45.0
PO1000006344,30.0
PO1000004562,20.0
PO1000007464,60.0
PO1000004570,30.0
PO1000004308,30.0
PO1000006652,60.0
PO1000001488,60.0
PO1000000283,40.0
PO1000008221,45.0
PO1000004523,30.0
PO1000007473,30.0
PO1000004172,45.0
PO1000004418,45.0
PO1000004129,20.0
PO1000007660,45.0
PO1000004257,45.0
PO1000000170,45.0
PO1000000106,90.0
PO1000000134,90.0
PO1000000180,90.0
PO1000000286,90.0
PO1000000355,60.0
PO1000002356,30.0
PO1000007437,45.0
PO1000004448,30.0
PO1000004459,30.0
PO1000004267,45.0
PO1000001529,60.0
PO1000007661,45.0
PO1000004255,35.0
PO1000004207,30.0
PO1000007662,30.0
PO1000004197,30.0
PO1000005106,45.0
PO1000006331,30.0
PO1000004514,80.0
PO1000004508,100.0
PO1000004092,90.0
PO1000004168,90.0
PO1000004385,60.0
PO1000004195,90.0
PO1000004424,30.0
PO1000000054,90.0
PO1000004142,30.0
PO1000004286,20.0
PO1000004498,45.0
PO1000004538,30.0
PO1000007535,30.0
PO1000007540,35.0
PO1000008215,45.0
PO1000006268,90.0
PO1000004380,45.0
PO1000004314,20.0
PO1000004452,45.0
PO1000004400,90.0
PO1000008421,45.0
PO1000004938,60.0
PO1000008135,30.0
PO1000000560,60.0
PO1000004493,30.0
PO1000004561,60.0
PO1000004065,60.0
PO1000004567,30.0
PO1000004573,60.0
PO1000004311,45.0
PO1000004944,30.0
PO1000007585,60.0
PO1000004540,35.0
PO1000004545,30.0
PO1000006264,30.0
PO1000004927,60.0
PO1000004477,60.0
PO1000001784,60.0
PO1000001566,30.0
PO1000004929,60.0
PO1000001565,60.0
PO1000003112,30.0
PO1000001564,60.0
PO1000004948,60.0
PO1000000879,70.0
PO1000004342,30.0
PO1000007559,60.0
PO1000004331,45.0
PO1000004428,40.0
PO1000004134,30.0
PO1000004202,30.0
PO1000002335,30.0
PO1000004277,60.0
PO1000004280,30.0
PO1000004181,60.0
PO1000004281,40.0
PO1000004208,40.0
PO1000005868,30.0
PO1000002539,60.0
PO1000003210,40.0
PO1000002520,25.0
PO1000004497,30.0
PO1000004524,30.0
PO1000006159,30.0
PO1000004206,60.0
PO1000004402,60.0
PO1000004212,60.0
PO1000004219,60.0
PO1000007605,30.0
PO1000004225,60.0
PO1000006147,30.0
PO1000008529,30.0
PO1000004268,60.0
PO1000008187,60.0
PO1000008199,60.0
PO1000007619,30.0
PO1000004855,20.0
PO1000005442,30.0
PO1000008124,25.0
PO1000007477,40.0
PO1000004061,30.0
PO1000006240,60.0
PO1000006239,30.0
PO1000006237,30.0
PO1000006340,60.0
PO1000004066,30.0
PO1000004350,60.0
PO1000007586,60.0
PO1000008159,60.0
PO1000008210,30.0
PO1000008227,45.0
PO1000004349,45.0
PO1000005212,20.0
PO1000004289,60.0
PO1000008282,45.0
PO1000006257,45.0
PO1000008618,45.0
PO1000006153,30.0
PO1000004294,40.0
PO1000004465,30.0
PO1000004236,120.0
PO1000004135,45.0
PO1000004158,60.0
PO1000004302,30.0
PO1000004515,20.0
PO1000004077,20.0
PO1000004133,60.0
PO1000002218,60.0
PO1000004532,60.0
PO1000007516,45.0
PO1000002226,30.0
PO1000002219,50.0
PO1000002367,30.0
PO1000004437,45.0
PO1000017061,30.0
PO1000004125,60.0
PO1000006152,45.0
PO1000004213,45.0
PO1000008287,60.0
PO1000004343,60.0
PO1000008148,45.0
PO1000006232,45.0
PO1000004373,60.0
PO1000004164,30.0
PO1000004415,60.0
PO1000007568,45.0
PO1000004856,45.0
PO1000008395,30.0
PO1000004527,30.0
PO1000004325,90.0
PO1000006161,60.0
PO1000008174,45.0
PO1000007646,30.0
PO1000007572,10.0
PO1000004857,90.0
PO1000004254,60.0
PO1000004189,20.0
PO1000004550,20.0
PO1000000512,80.0
PO1000000143,80.0
PO1000004368,30.0
PO1000004155,30.0
PO1000004568,30.0
PO1000007591,20.0
PO1000004844,30.0
PO1000005205,45.0
PO1000004112,45.0
PO1000004386,30.0
PO1000004387,30.0
PO1000006205,60.0
PO1000004548,60.0
PO1000003970,60.0
PO1000005580,120.0
PO1000004518,60.0
PO1000004226,75.0
PO1000004128,60.0
PO1000004138,30.0
PO1000006345,45.0
PO1000004284,30.0
PO1000004188,30.0
PO1000007673,45.0
PO1000003976,45.0
PO1000006226,45.0
PO1000007594,60.0
PO1000004364,30.0
PO1000004417,45.0
PO1000004558,45.0
PO1000007600,45.0
PO1000008128,60.0
PO1000008141,60.0
PO1000004067,30.0
PO1000004560,30.0
PO1000008160,60.0
PO1000004435,30.0
PO1000004438,30.0
PO1000008206,120.0
PO1000004173,30.0
PO1000004312,30.0
PO1000004178,60.0
PO1000004230,15.0
PO1000004425,30.0
PO1000004859,45.0
PO1000004534,30.0
PO1000004332,25.0
PO1000004339,45.0
PO1000004398,45.0
PO1000008146,
PO1000000329,15.0
PO1000000325,60.0
PO1000000319,60.0
PO1000000316,30.0
PO1000000320,90.0
PO1000000327,60.0
PO1000000321,45.0
PO1000000323,45.0
PO1000001380,60.0
PO1000000324,60.0
PO1000000331,60.0
PO1000001867,45.0
PO1000000314,60.0
PO1000000322,60.0
PO1000000315,30.0
PO1000000601,120.0
PO1000001381,45.0
PO1000000318,45.0
PO1000000107,30.0
PO1000004377,30.0
PO1000007604,60.0
PO1000000317,30.0
PO1000000330,45.0
PO1000000326,15.0
PO1000000706,30.0
PO1000004432,30.0
PO1000004860,30.0
PO1000004059,45.0
PO1000004136,45.0
PO1000007441,30.0
PO1000004539,45.0
PO1000008162,30.0
PO1000008164,45.0
PO1000004296,20.0
PO1000004271,45.0
PO1000004940,30.0
PO1000004462,60.0
PO1000004068,60.0
PO1000001611,30.0
PO1000004196,60.0
PO1000001612,60.0
PO1000001372,60.0
PO1000001062,60.0
PO1000001061,60.0
PO1000001060,60.0
PO1000001057,60.0
PO1000001058,60.0
PO1000001056,60.0
PO1000001079,60.0
PO1000004379,30.0
PO1000001279,60.0
PO1000001278,60.0
PO1000000099,60.0
PO1000001670,45.0
PO1000004275,45.0
PO1000000095,42.0
PO1000001250,20.0
PO1000001775,23.0
PO1000001252,60.0
PO1000000352,24.0
PO1000000451,23.0
PO1000001256,15.0
PO1000001777,45.0
PO1000001774,23.0
PO1000001251,23.0
PO1000008425,60.0
PO1000004861,60.0
PO1000004231,90.0
PO1000007052,45.0
PO1000010006,45.0
PO1000007442,30.0
PO1000006184,60.0
PO1000008182,45.0
PO1000008208,60.0
PO1000008188,45.0
PO1000001342,60.0
PO1000004423,45.0
PO1000004251,30.0
PO1000007448,30.0
PO1000004536,30.0
PO1000004559,30.0
PO1000004240,15.0
PO1000008589,40.0
PO1000004431,60.0
PO1000004483,60.0
PO1000004468,90.0
PO1000008168,45.0
PO1000004137,45.0
PO1000005208,60.0
PO1000008292,45.0
PO1000004159,30.0
PO1000004436,45.0
PO1000002637,45.0
PO1000004216,45.0
PO1000005218,22.5
PO1000004253,60.0
PO1000007630,30.0
PO1000006259,60.0
PO1000005219,60.0
PO1000004299,60.0
PO1000006212,45.0
PO1000004063,45.0
PO1000006294,30.0
PO1000006295,30.0
PO1000004060,45.0
PO1000006231,30.0
PO1000004082,30.0
PO1000004130,45.0
PO1000004084,60.0
PO1000004360,30.0
PO1000008269,45.0
PO1000002676,90.0
PO1000006181,30.0
PO1000004292,30.0
PO1000004098,60.0
PO1000007641,45.0
PO1000004370,30.0
PO1000008230,60.0
PO1000004117,45.0
PO1000004263,60.0
PO1000004273,20.0
PO1000008266,45.0
PO1000006144,45.0
PO1000004390,60.0
PO1000004862,45.0
PO1000004446,60.0
PO1000004467,70.0
PO1000008193,30.0
PO1000004249,10.0
PO1000004356,60.0
PO1000004363,120.0
PO1000004121,45.0
PO1000004340,60.0
PO1000004232,90.0
PO1000008185,80.0
PO1000004104,30.0
PO1000004175,75.0
PO1000004057,60.0
PO1000004105,45.0
PO1000004252,45.0
PO1000004472,60.0
PO1000004185,60.0
PO1000006251,30.0
PO1000005221,105.0
PO1000004947,60.0
PO1000004114,50.0
PO1000004305,10.0
PO1000004119,45.0
PO1000004444,30.0
PO1000004841,20.0
PO1000007519,45.0
PO1000001618,75.0
PO1000005222,45.0
PO1000004107,60.0
PO1000001619,65.0
PO1000007532,60.0
PO1000008346,45.0
PO1000008424,60.0
PO1000007599,80.0
PO1000007609,45.0
PO1000008439,70.0
PO1000007651,45.0
PO1000008391,90.0
PO1000000553,45.0
PO1000007523,30.0
PO1000004336,30.0
PO1000004111,40.0
PO1000008258,30.0
PO1000004141,60.0
PO1000010072,60.0
PO1000004469,60.0
PO1000004341,45.0
PO1000004238,60.0
PO1000004171,90.0
PO1000004526,60.0
PO1000004083,60.0
PO1000006365,30.0
PO1000004394,30.0
PO1000005128,60.0
PO1000006269,45.0
PO1000004317,60.0
PO1000006376,60.0
PO1000004453,60.0
PO1000004383,20.0
PO1000004556,30.0
PO1000000953,60.0
PO1000000562,60.0
PO1000000600,45.0
PO1000003486,45.0
PO1000000146,45.0
PO1000017408,30.0
PO1000004223,60.0
PO1000006323,45.0
PO1000000144,110.0
PO1000007984,45.0
PO1000004150,45.0
PO1000001043,45.0
PO1000003150,45.0
PO1000008186,45.0
PO1000004507,60.0
PO1000000561,45.0
PO1000004382,60.0
PO1000004335,45.0
PO1000002133,60.0
PO1000004384,60.0
PO1000004404,60.0
PO1000005281,90.0
PO1000004244,90.0
PO1000002130,30.0
PO1000004474,60.0
PO1000004479,80.0
PO1000004484,45.0
PO1000008161,30.0
PO1000002132,30.0
PO1000004243,45.0
PO1000008284,30.0
PO1000010051,30.0
PO1000006266,60.0
PO1000007621,45.0
PO1000008639,45.0
PO1000008640,120.0
PO1000007443,45.0
PO1000013836,45.0
PO1000008149,60.0
PO1000004334,90.0
PO1000007466,20.0
PO1000009558,60.0
PO1000009023,30.0
PO1000005104,45.0
PO1000008380,60.0
PO1000008214,90.0
PO1000005302,90.0
PO1000007469,45.0
PO1000008246,15.0
PO1000008563,30.0
PO1000008143,60.0
PO1000007658,45.0
PO1000007622,30.0
PO1000009016,80.0
PO1000008133,30.0
PO1000009015,80.0
PO1000007587,45.0
PO1000008265,60.0
PO1000010011,45.0
PO1000008226,35.0
PO1000008228,45.0
PO1000008234,45.0
PO1000008416,30.0
PO1000007432,60.0
PO1000007529,45.0
PO1000007515,30.0
PO1000008278,30.0
PO1000008566,60.0
PO1000008567,90.0
PO1000008239,30.0
PO1000008190,80.0
PO1000008132,45.0
PO1000008569,60.0
PO1000007590,60.0
PO1000007485,45.0
PO1000008290,5.0
PO1000009566,45.0
PO1000008268,45.0
PO1000008225,60.0
PO1000008166,60.0
PO1000008291,30.0
PO1000008407,45.0
PO1000008570,45.0
PO1000010013,30.0
PO1000008392,45.0
PO1000008434,45.0
PO1000007610,45.0
PO1000008577,60.0
PO1000008578,60.0
PO1000008579,60.0
PO1000008580,60.0
PO1000008581,40.0
PO1000008587,45.0
PO1000008595,30.0
PO1000008603,30.0
PO1000008605,45.0
PO1000003497,30.0
PO1000008606,10.0
PO1000008608,45.0
PO1000008611,30.0
PO1000008389,60.0
PO1000008621,30.0
PO1000008623,60.0
PO1000008272,90.0
PO1000008626,90.0
PO1000007580,60.0
PO1000008633,20.0
PO1000000328,60.0
PO1000002304,90.0
PO1000003491,60.0
PO1000004327,45.0
PO1000004411,60.0
PO1000004449,30.0
PO1000004454,45.0
PO1000005202,45.0
PO1000006505,60.0
PO1000000829,60.0
PO1000007571,45.0
PO1000007589,30.0
PO1000007595,10.0
PO1000007625,45.0
PO1000007635,60.0
PO1000007638,45.0
PO1000007640,
PO1000007664,60.0
PO1000007672,45.0
PO1000008095,60.0
PO1000008127,120.0
PO1000008202,45.0
PO1000008207,90.0
PO1000008270,60.0
PO1000008271,45.0
PO1000008381,60.0
PO1000008383,75.0
PO1000008393,10.0
PO1000008396,45.0
PO1000008397,30.0
PO1000008403,60.0
PO1000008405,45.0
PO1000008411,60.0
PO1000008412,45.0
PO1000008422,45.0
PO1000008423,30.0
PO1000008440,60.0
PO1000008582,45.0
PO1000008583,30.0
PO1000008584,30.0
PO1000008585,75.0
PO1000008586,30.0
PO1000008596,60.0
PO1000008602,10.0
PO1000008604,30.0
PO1000008607,60.0
PO1000008609,90.0
PO1000008610,60.0
PO1000008612,20.0
PO1000008613,20.0
PO1000008619,30.0
PO1000008620,90.0
PO1000008622,60.0
PO1000008636,60.0
PO1000008643,60.0
PO1000008644,50.0
PO1000008652,45.0
PO1000008654,60.0
PO1000008656,45.0
PO1000008658,60.0
PO1000008659,45.0
PO1000008660,60.0
PO1000008661,45.0
PO1000008663,30.0
PO1000008664,30.0
PO1000008665,45.0
PO1000008666,45.0
PO1000004863,40.0
PO1000010250,30.0
PO1000009561,20.0
PO1000010064,20.0
PO1000010063,20.0
PO1000010061,30.0
PO1000010262,30.0
PO1000010059,30.0
PO1000009027,30.0
PO1000010251,30.0
PO1000010045,80.0
,15.0
PO1000010018,30.0
PO1000010281,30.0
PO1000010055,30.0
PO1000008599,120.0
PO1000010053,45.0
PO1000010024,60.0
PO1000010050,30.0
PO1000009356,30.0
PO1000010046,30.0
PO1000010031,30.0
PO1000007436,30.0
PO1000009021,45.0
PO1000005203,45.0
PO1000006370,30.0
PO1000010029,90.0
PO1000008431,120.0
PO1000006227,120.0
PO1000007396,45.0
PO1000010078,90.0
PO1000010043,90.0
PO1000006984,60.0
PO1000010026,60.0
PO1000009211,60.0
PO1000010252,30.0
PO1000010040,45.0
PO1000009014,45.0
PO1000010048,45.0
PO1000010253,20.0
PO1000010254,30.0
PO1000010255,30.0
PO1000011184,60.0
PO1000010057,15.0
PO1000004080,45.0
PO1000010041,15.0
PO1000009588,60.0
PO1000010038,30.0
PO1000010074,45.0
,60.0
PO1000010256,45.0
PO1000010042,60.0
PO1000010257,45.0
PO1000010016,45.0
PO1000009025,45.0
PO1000009557,30.0
PO1000010077,45.0
PO1000010258,60.0
PO1000010007,30.0
PO1000010047,45.0
PO1000008155,45.0
PO1000009020,30.0
PO1000009355,45.0
PO1000009409,60.0
PO1000009559,60.0
PO1000009567,30.0
PO1000010012,30.0
PO1000010014,90.0
PO1000010030,30.0
PO1000010039,60.0
PO1000010044,30.0
PO1000010049,45.0
PO1000010052,45.0
PO1000010056,45.0
PO1000010062,45.0
PO1000010065,60.0
PO1000010069,45.0
PO1000010075,30.0
PO1000010076,
PO1000010010,60.0
PO1000010015,60.0
PO1000010028,45.0
PO1000006362,120.0
PO1000013512,30.0
PO1000011159,30.0
,30.0
PO1000011174,30.0
PO1000010815,30.0
,90.0
PO1000011477,60.0
PO1000010882,45.0
PO1000010793,30.0
PO1000011263,30.0
PO1000014641,75.0
PO1000014163,100.0
PO1000011406,45.0
PO1000010944,60.0
PO1000011913,30.0
PO1000011194,45.0
PO1000010795,45.0
PO1000011166,45.0
PO1000011319,30.0
,45.0
PO1000010802,30.0
PO1000010735,60.0
PO1000012465,30.0
PO1000016374,45.0
PO1000010794,45.0
PO1000011193,45.0
PO1000011195,45.0
PO1000010883,60.0
PO1000010805,20.0
PO1000011557,45.0
PO1000015586,60.0
PO1000011182,45.0
PO1000011160,30.0
PO1000010791,45.0
PO1000011179,60.0
PO1000010806,30.0
PO1000011310,30.0
PO1000013777,30.0
PO1000010811,45.0
PO1000011556,30.0
PO1000011180,30.0
PO1000010796,60.0
PO1000011188,60.0
PO1000010240,60.0
PO1000011311,30.0
,5.0
PO1000006247,30.0
PO1000014236,90.0
PO1000011591,30.0
PO1000013517,20.0
PO1000011558,30.0
PO1000010807,45.0
PO1000008641,80.0
PO1000017929,60.0
PO1000011307,60.0
PO1000011305,30.0
PO1000011552,20.0
PO1000012848,15.0
PO1000011554,60.0
PO1000011196,45.0
PO1000010808,30.0
PO1000011197,45.0
PO1000011917,60.0
PO1000012846,60.0
PO1000011992,30.0
PO1000011911,45.0
PO1000015293,45.0
PO1000010945,30.0
PO1000011306,45.0
PO1000011553,60.0
PO1000012842,60.0
PO1000016378,
PO1000011301,30.0
PO1000012424,20.0
PO1000015839,60.0
,75.0
PO1000011318,45.0
PO1000011198,30.0
,
PO1000011309,45.0
PO1000011312,45.0
PO1000011167,45.0
PO1000010713,45.0
PO1000011300,60.0
PO1000011478,45.0
PO1000014229,45.0
PO1000010731,60.0
PO1000013829,80.0
PO1000016959,45.0
PO1000011910,30.0
PO1000013497,60.0
PO1000014639,60.0
PO1000011993,60.0
PO1000014162,30.0
PO1000014169,30.0
PO1000013486,45.0
PO1000013891,45.0
PO1000014176,90.0
PO1000011912,20.0
PO1000014952,30.0
PO1000012847,40.0
PO1000012623,60.0
PO1000013408,80.0
PO1000012845,45.0
PO1000012852,45.0
PO1000012622,60.0
PO1000015876,
PO1000017401,
PO1000013778,60.0
PO1000012844,45.0
PO1000014226,60.0
PO1000012843,90.0
PO1000013838,60.0
PO1000013887,45.0
PO1000013779,45.0
PO1000014231,30.0
PO1000013498,60.0
PO1000016678,
PO1000011991,60.0
PO1000014159,60.0
PO1000012448,60.0
PO1000014294,20.0
PO1000014589,
PO1000014290,30.0
PO1000014230,30.0
PO1000014173,30.0
PO1000014174,60.0
PO1000012851,60.0
PO1000016537,30.0
PO1000014289,20.0
PO1000014234,45.0
PO1000014171,45.0
PO1000015300,45.0
PO1000013886,45.0
PO1000014955,45.0
PO1000013890,30.0
PO1000015294,45.0
PO1000014591,45.0
PO1000013499,30.0
PO1000012849,30.0
PO1000013888,75.0
,10.0
PO1000013495,60.0
PO1000014224,45.0
PO1000014227,45.0
PO1000016373,60.0
PO1000013889,90.0
PO1000014225,60.0
PO1000014292,80.0
PO1000014620,30.0
PO1000014165,30.0
PO1000014168,30.0
PO1000014293,30.0
PO1000017993,15.0
PO1000014235,30.0
PO1000014170,60.0
PO1000014590,45.0
PO1000014622,60.0
PO1000016380,45.0
PO1000014164,45.0
PO1000014232,30.0
PO1000014237,30.0
PO1000014222,45.0
PO1000013868,60.0
PO1000014223,60.0
PO1000016962,30.0
PO1000015298,45.0
PO1000014233,60.0
PO1000014623,60.0
PO1000014624,60.0
PO1000014625,60.0
PO1000016382,30.0
PO1000015292,45.0
PO1000014959,45.0
PO1000014957,30.0
PO1000014956,60.0
PO1000014958,45.0
PO1000014618,45.0
PO1000014640,45.0
PO1000015297,45.0
PO1000017403,45.0
PO1000016535,30.0
PO1000014636,45.0
PO1000014637,60.0
PO1000014950,30.0
PO1000014951,40.0
PO1000014953,45.0
PO1000015291,30.0
PO1000015296,60.0
PO1000015299,
PO1000016534,30.0
PO1000016376,60.0
PO1000016539,30.0
PO1000016967,90.0
PO1000017400,45.0
PO1000015870,30.0
PO1000017680,80.0
PO1000015587,45.0
PO1000017964,8.0
PO1000017996,60.0
PO1000016677,45.0
PO1000015871,45.0
PO1000015874,45.0
PO1000015878,
,40.0
PO1000016379,60.0
PO1000016381,45.0
PO1000016536,30.0
PO1000015872,10.0
PO1000015875,50.0
PO1000017066,30.0
PO1000017156,
PO1000017995,60.0
PO1000017399,60.0
PO1000015868,60.0
PO1000015869,60.0
PO1000016183,60.0
PO1000016184,45.0
PO1000016676,45.0
PO1000016972,30.0
PO1000016960,60.0
PO1000016958,30.0
PO1000016961,30.0
PO1000016963,15.0
PO1000016964,45.0
PO1000016966,30.0
PO1000016968,45.0
PO1000016969,90.0
PO1000016970,
PO1000016971,20.0
PO1000017030,90.0
PO1000017060,10.0
PO1000017062,
PO1000017063,45.0
PO1000017064,45.0
PO1000017065,30.0
PO1000017067,60.0
PO1000017404,10.0
PO1000017402,45.0
PO1000017406,60.0
PO1000017398,45.0
PO1000017930,
PO1000016538,60.0
PO1000017731,40.0
PO1000017931,45.0
PO1000017396,45.0
PO1000017988,30.0
,120.0
PO1000018007,45.0
PO1000017932,45.0
,80.0
PO1000018005,45.0
PO1000017678,30.0
,20.0
PO1000017999,60.0
PO1000017677,60.0
PO1000017934,45.0
PO1000017935,
PO1000017938,40.0
PO1000018000,30.0
PO1000018001,45.0
PO1000018003,
PO1000018004,
PO1000018006,
PO1000018008,30.0
PO1000016533,60.0
,3.0
,8.0
PO1000017927,45.0
PO1000017395,60.0
PO1000016184,60.0
,25.0
PO1000017397,80.0
PO1000018002,
PO1000018009,45.0
